Workbook

Sheet Dashboard & Summary
A1: PROFIL RESILIENT LEADERS INDEX (RELI)
A3: Nama Etoser: | B3: [Nama]
A5: Dimensi | B5: T0 (Baseline) | C5: T1 (Thn 1) | D5: T2 (Thn 2) | E5: T3 (Thn 3) | F5: T4 (Thn 4)
A6: Value Resilience | B6: =IFERROR(AVERAGE('Form Penilaian'!J5:J20), 0) | C6: =IFERROR(AVERAGE('Form Penilaian'!N5:N20), 0) | D6: =IFERROR(AVERAGE('Form Penilaian'!R5:R20), 0) | E6: =IFERROR(AVERAGE('Form Penilaian'!V5:V20), 0) | F6: =IFERROR(AVERAGE('Form Penilaian'!Z5:Z20), 0)
A7: Self Resilience | B7: =IFERROR(AVERAGE('Form Penilaian'!J21:J36), 0) | C7: =IFERROR(AVERAGE('Form Penilaian'!N21:N36), 0) | D7: =IFERROR(AVERAGE('Form Penilaian'!R21:R36), 0) | E7: =IFERROR(AVERAGE('Form Penilaian'!V21:V36), 0) | F7: =IFERROR(AVERAGE('Form Penilaian'!Z21:Z36), 0)
A8: Social Resilience | B8: =IFERROR(AVERAGE('Form Penilaian'!J37:J52), 0) | C8: =IFERROR(AVERAGE('Form Penilaian'!N37:N52), 0) | D8: =IFERROR(AVERAGE('Form Penilaian'!R37:R52), 0) | E8: =IFERROR(AVERAGE('Form Penilaian'!V37:V52), 0) | F8: =IFERROR(AVERAGE('Form Penilaian'!Z37:Z52), 0)
A9: Change Resilience | B9: =IFERROR(AVERAGE('Form Penilaian'!J53:J68), 0) | C9: =IFERROR(AVERAGE('Form Penilaian'!N53:N68), 0) | D9: =IFERROR(AVERAGE('Form Penilaian'!R53:R68), 0) | E9: =IFERROR(AVERAGE('Form Penilaian'!V53:V68), 0) | F9: =IFERROR(AVERAGE('Form Penilaian'!Z53:Z68), 0)
A10: FINAL RELI SCORE | B10: =IFERROR(AVERAGE(B6:B9), 0) | C10: =IFERROR(AVERAGE(C6:C9), 0) | D10: =IFERROR(AVERAGE(D6:D9), 0) | E10: =IFERROR(AVERAGE(E6:E9), 0) | F10: =IFERROR(AVERAGE(F6:F9), 0)
A11: Leadership Maturity Level | B11: =IF(B10>=3.25, "Level 4 - Resilient", IF(B10>=2.5, "Level 3 - Transformative", IF(B10>=1.75, "Level 2 - Developing", IF(B10>0, "Level 1 - Emerging", "-")))) | C11: =IF(C10>=3.25, "Level 4 - Resilient", IF(C10>=2.5, "Level 3 - Transformative", IF(C10>=1.75, "Level 2 - Developing", IF(C10>0, "Level 1 - Emerging", "-")))) | D11: =IF(D10>=3.25, "Level 4 - Resilient", IF(D10>=2.5, "Level 3 - Transformative", IF(D10>=1.75, "Level 2 - Developing", IF(D10>0, "Level 1 - Emerging", "-")))) | E11: =IF(E10>=3.25, "Level 4 - Resilient", IF(E10>=2.5, "Level 3 - Transformative", IF(E10>=1.75, "Level 2 - Developing", IF(E10>0, "Level 1 - Emerging", "-")))) | F11: =IF(F10>=3.25, "Level 4 - Resilient", IF(F10>=2.5, "Level 3 - Transformative", IF(F10>=1.75, "Level 2 - Developing", IF(F10>0, "Level 1 - Emerging", "-"))))

Sheet Form Penilaian
G3: T0 (Baseline) | K3: T1 (Akhir Tahun 1) | O3: T2 (Akhir Tahun 2) | S3: T3 (Akhir Tahun 3) | W3: T4 (Akhir Tahun 4)
A4: No | B4: Dimensi | C4: Subdimensi | D4: Kode | E4: Pernyataan (Self) | F4: Pernyataan (Fasilitator) | G4: Self | H4: Facil | I4: Gap | J4: Final | K4: Self | L4: Facil | M4: Gap | N4: Final | O4: Self | P4: Facil | Q4: Gap | R4: Final | S4: Self | T4: Facil | U4: Gap | V4: Final | W4: Self | X4: Facil | Y4: Gap | Z4: Final
A5: 1 | B5: Value Resilience | C5: Spirituality | D5: VR-S1 | E5: Menjaga ibadah di tengah kesibukan Saya menjadikan ibadah sebagai bagian yang terjaga dalam rutinitas hidup saya, termasuk ketika kesibukan meningkat. | F5: Menjaga ibadah di tengah kesibukan Etoser menjadikan ibadah sebagai bagian yang terjaga dalam rutinitas hidup Etoser, termasuk ketika kesibukan meningkat. | I5: =IF(AND(G5<>"", H5<>""), G5-H5, "") | J5: =IF(AND(G5<>"", H5<>""), AVERAGE(G5,H5), "") | M5: =IF(AND(K5<>"", L5<>""), K5-L5, "") | N5: =IF(AND(K5<>"", L5<>""), AVERAGE(K5,L5), "") | Q5: =IF(AND(O5<>"", P5<>""), O5-P5, "") | R5: =IF(AND(O5<>"", P5<>""), AVERAGE(O5,P5), "") | U5: =IF(AND(S5<>"", T5<>""), S5-T5, "") | V5: =IF(AND(S5<>"", T5<>""), AVERAGE(S5,T5), "") | Y5: =IF(AND(W5<>"", X5<>""), W5-X5, "") | Z5: =IF(AND(W5<>"", X5<>""), AVERAGE(W5,X5), "")
A6: 2 | B6: Value Resilience | C6: Spirituality | D6: VR-S2 | E6: Nilai Islam dalam pengambilan keputusan Saya menggunakan nilai-nilai Islam sebagai pertimbangan ketika mengambil keputusan penting. | F6: Nilai Islam dalam pengambilan keputusan Etoser menggunakan nilai-nilai Islam sebagai pertimbangan ketika mengambil keputusan penting. | I6: =IF(AND(G6<>"", H6<>""), G6-H6, "") | J6: =IF(AND(G6<>"", H6<>""), AVERAGE(G6,H6), "") | M6: =IF(AND(K6<>"", L6<>""), K6-L6, "") | N6: =IF(AND(K6<>"", L6<>""), AVERAGE(K6,L6), "") | Q6: =IF(AND(O6<>"", P6<>""), O6-P6, "") | R6: =IF(AND(O6<>"", P6<>""), AVERAGE(O6,P6), "") | U6: =IF(AND(S6<>"", T6<>""), S6-T6, "") | V6: =IF(AND(S6<>"", T6<>""), AVERAGE(S6,T6), "") | Y6: =IF(AND(W6<>"", X6<>""), W6-X6, "") | Z6: =IF(AND(W6<>"", X6<>""), AVERAGE(W6,X6), "")
A7: 3 | B7: Value Resilience | C7: Spirituality | D7: VR-S3 | E7: Kekuatan spiritual dalam menghadapi tekanan Saya berikhtiar memperbaiki kualitas hubungan saya dengan Allah ketika menghadapi kegagalan, tekanan, atau perubahan hidup. | F7: Kekuatan spiritual dalam menghadapi tekanan Etoser berikhtiar memperbaiki kualitas hubungan Etoser dengan Allah ketika menghadapi kegagalan, tekanan, atau perubahan hidup. | I7: =IF(AND(G7<>"", H7<>""), G7-H7, "") | J7: =IF(AND(G7<>"", H7<>""), AVERAGE(G7,H7), "") | M7: =IF(AND(K7<>"", L7<>""), K7-L7, "") | N7: =IF(AND(K7<>"", L7<>""), AVERAGE(K7,L7), "") | Q7: =IF(AND(O7<>"", P7<>""), O7-P7, "") | R7: =IF(AND(O7<>"", P7<>""), AVERAGE(O7,P7), "") | U7: =IF(AND(S7<>"", T7<>""), S7-T7, "") | V7: =IF(AND(S7<>"", T7<>""), AVERAGE(S7,T7), "") | Y7: =IF(AND(W7<>"", X7<>""), W7-X7, "") | Z7: =IF(AND(W7<>"", X7<>""), AVERAGE(W7,X7), "")
A8: 4 | B8: Value Resilience | C8: Spirituality | D8: VR-S4 | E8: Konsistensi nilai dalam lingkungan yang berbeda Saya berusaha menjaga komitmen terhadap nilai dan praktik keislaman meskipun berada dalam lingkungan yang kurang mendukung. | F8: Konsistensi nilai dalam lingkungan yang berbeda Etoser berusaha menjaga komitmen terhadap nilai dan praktik keislaman meskipun berada dalam lingkungan yang kurang mendukung. | I8: =IF(AND(G8<>"", H8<>""), G8-H8, "") | J8: =IF(AND(G8<>"", H8<>""), AVERAGE(G8,H8), "") | M8: =IF(AND(K8<>"", L8<>""), K8-L8, "") | N8: =IF(AND(K8<>"", L8<>""), AVERAGE(K8,L8), "") | Q8: =IF(AND(O8<>"", P8<>""), O8-P8, "") | R8: =IF(AND(O8<>"", P8<>""), AVERAGE(O8,P8), "") | U8: =IF(AND(S8<>"", T8<>""), S8-T8, "") | V8: =IF(AND(S8<>"", T8<>""), AVERAGE(S8,T8), "") | Y8: =IF(AND(W8<>"", X8<>""), W8-X8, "") | Z8: =IF(AND(W8<>"", X8<>""), AVERAGE(W8,X8), "")
A9: 5 | B9: Value Resilience | C9: Integrity | D9: VR-I1 | E9: Kejujuran Saya menyampaikan informasi, hasil kerja, dan pencapaian saya secara jujur tanpa melebih-lebihkan. | F9: Kejujuran Etoser menyampaikan informasi, hasil kerja, dan pencapaian Etoser secara jujur tanpa melebih-lebihkan. | I9: =IF(AND(G9<>"", H9<>""), G9-H9, "") | J9: =IF(AND(G9<>"", H9<>""), AVERAGE(G9,H9), "") | M9: =IF(AND(K9<>"", L9<>""), K9-L9, "") | N9: =IF(AND(K9<>"", L9<>""), AVERAGE(K9,L9), "") | Q9: =IF(AND(O9<>"", P9<>""), O9-P9, "") | R9: =IF(AND(O9<>"", P9<>""), AVERAGE(O9,P9), "") | U9: =IF(AND(S9<>"", T9<>""), S9-T9, "") | V9: =IF(AND(S9<>"", T9<>""), AVERAGE(S9,T9), "") | Y9: =IF(AND(W9<>"", X9<>""), W9-X9, "") | Z9: =IF(AND(W9<>"", X9<>""), AVERAGE(W9,X9), "")
A10: 6 | B10: Value Resilience | C10: Integrity | D10: VR-I2 | E10: Integritas dalam situasi sulit Saya tetap memilih tindakan yang sesuai dengan prinsip dan etika meskipun pilihan tersebut tidak menguntungkan bagi saya. | F10: Integritas dalam situasi sulit Etoser tetap memilih tindakan yang sesuai dengan prinsip dan etika meskipun pilihan tersebut tidak menguntungkan bagi Etoser. | I10: =IF(AND(G10<>"", H10<>""), G10-H10, "") | J10: =IF(AND(G10<>"", H10<>""), AVERAGE(G10,H10), "") | M10: =IF(AND(K10<>"", L10<>""), K10-L10, "") | N10: =IF(AND(K10<>"", L10<>""), AVERAGE(K10,L10), "") | Q10: =IF(AND(O10<>"", P10<>""), O10-P10, "") | R10: =IF(AND(O10<>"", P10<>""), AVERAGE(O10,P10), "") | U10: =IF(AND(S10<>"", T10<>""), S10-T10, "") | V10: =IF(AND(S10<>"", T10<>""), AVERAGE(S10,T10), "") | Y10: =IF(AND(W10<>"", X10<>""), W10-X10, "") | Z10: =IF(AND(W10<>"", X10<>""), AVERAGE(W10,X10), "")
A11: 7 | B11: Value Resilience | C11: Integrity | D11: VR-I3 | E11: Keselarasan kata dan tindakan Saya menjaga kesesuaian antara apa yang saya katakan, janjikan, dan lakukan. | F11: Keselarasan kata dan tindakan Etoser menjaga kesesuaian antara apa yang Etoser katakan, janjikan, dan lakukan. | I11: =IF(AND(G11<>"", H11<>""), G11-H11, "") | J11: =IF(AND(G11<>"", H11<>""), AVERAGE(G11,H11), "") | M11: =IF(AND(K11<>"", L11<>""), K11-L11, "") | N11: =IF(AND(K11<>"", L11<>""), AVERAGE(K11,L11), "") | Q11: =IF(AND(O11<>"", P11<>""), O11-P11, "") | R11: =IF(AND(O11<>"", P11<>""), AVERAGE(O11,P11), "") | U11: =IF(AND(S11<>"", T11<>""), S11-T11, "") | V11: =IF(AND(S11<>"", T11<>""), AVERAGE(S11,T11), "") | Y11: =IF(AND(W11<>"", X11<>""), W11-X11, "") | Z11: =IF(AND(W11<>"", X11<>""), AVERAGE(W11,X11), "")
A12: 8 | B12: Value Resilience | C12: Integrity | D12: VR-I4 | E12: Mengakui kesalahan Saya berani mengakui kesalahan dan melakukan perbaikan ketika tindakan saya tidak sesuai dengan nilai yang saya yakini. | F12: Mengakui kesalahan Etoser berani mengakui kesalahan dan melakukan perbaikan ketika tindakan Etoser tidak sesuai dengan nilai yang Etoser yakini. | I12: =IF(AND(G12<>"", H12<>""), G12-H12, "") | J12: =IF(AND(G12<>"", H12<>""), AVERAGE(G12,H12), "") | M12: =IF(AND(K12<>"", L12<>""), K12-L12, "") | N12: =IF(AND(K12<>"", L12<>""), AVERAGE(K12,L12), "") | Q12: =IF(AND(O12<>"", P12<>""), O12-P12, "") | R12: =IF(AND(O12<>"", P12<>""), AVERAGE(O12,P12), "") | U12: =IF(AND(S12<>"", T12<>""), S12-T12, "") | V12: =IF(AND(S12<>"", T12<>""), AVERAGE(S12,T12), "") | Y12: =IF(AND(W12<>"", X12<>""), W12-X12, "") | Z12: =IF(AND(W12<>"", X12<>""), AVERAGE(W12,X12), "")
A13: 9 | B13: Value Resilience | C13: Responsibility/Amanah | D13: VR-A1 | E13: Menyelesaikan amanah Saya menyelesaikan tanggung jawab yang telah saya terima sesuai kesepakatan. | F13: Menyelesaikan amanah Etoser menyelesaikan tanggung jawab yang telah Etoser terima sesuai kesepakatan. | I13: =IF(AND(G13<>"", H13<>""), G13-H13, "") | J13: =IF(AND(G13<>"", H13<>""), AVERAGE(G13,H13), "") | M13: =IF(AND(K13<>"", L13<>""), K13-L13, "") | N13: =IF(AND(K13<>"", L13<>""), AVERAGE(K13,L13), "") | Q13: =IF(AND(O13<>"", P13<>""), O13-P13, "") | R13: =IF(AND(O13<>"", P13<>""), AVERAGE(O13,P13), "") | U13: =IF(AND(S13<>"", T13<>""), S13-T13, "") | V13: =IF(AND(S13<>"", T13<>""), AVERAGE(S13,T13), "") | Y13: =IF(AND(W13<>"", X13<>""), W13-X13, "") | Z13: =IF(AND(W13<>"", X13<>""), AVERAGE(W13,X13), "")
A14: 10 | B14: Value Resilience | C14: Responsibility/Amanah | D14: VR-A2 | E14: Accountability Saya tetap bertanggung jawab terhadap hasil pekerjaan saya ketika menghadapi kendala atau kegagalan. | F14: Accountability Etoser tetap bertanggung jawab terhadap hasil pekerjaan Etoser ketika menghadapi kendala atau kegagalan. | I14: =IF(AND(G14<>"", H14<>""), G14-H14, "") | J14: =IF(AND(G14<>"", H14<>""), AVERAGE(G14,H14), "") | M14: =IF(AND(K14<>"", L14<>""), K14-L14, "") | N14: =IF(AND(K14<>"", L14<>""), AVERAGE(K14,L14), "") | Q14: =IF(AND(O14<>"", P14<>""), O14-P14, "") | R14: =IF(AND(O14<>"", P14<>""), AVERAGE(O14,P14), "") | U14: =IF(AND(S14<>"", T14<>""), S14-T14, "") | V14: =IF(AND(S14<>"", T14<>""), AVERAGE(S14,T14), "") | Y14: =IF(AND(W14<>"", X14<>""), W14-X14, "") | Z14: =IF(AND(W14<>"", X14<>""), AVERAGE(W14,X14), "")
A15: 11 | B15: Value Resilience | C15: Responsibility/Amanah | D15: VR-A3 | E15: Mengomunikasikan hambatan Saya berinisiatif mengomunikasikan masalah ketika mengetahui bahwa saya tidak mampu memenuhi amanah sesuai rencana. | F15: Mengomunikasikan hambatan Etoser berinisiatif mengomunikasikan masalah ketika mengetahui bahwa Etoser tidak mampu memenuhi amanah sesuai rencana. | I15: =IF(AND(G15<>"", H15<>""), G15-H15, "") | J15: =IF(AND(G15<>"", H15<>""), AVERAGE(G15,H15), "") | M15: =IF(AND(K15<>"", L15<>""), K15-L15, "") | N15: =IF(AND(K15<>"", L15<>""), AVERAGE(K15,L15), "") | Q15: =IF(AND(O15<>"", P15<>""), O15-P15, "") | R15: =IF(AND(O15<>"", P15<>""), AVERAGE(O15,P15), "") | U15: =IF(AND(S15<>"", T15<>""), S15-T15, "") | V15: =IF(AND(S15<>"", T15<>""), AVERAGE(S15,T15), "") | Y15: =IF(AND(W15<>"", X15<>""), W15-X15, "") | Z15: =IF(AND(W15<>"", X15<>""), AVERAGE(W15,X15), "")
A16: 12 | B16: Value Resilience | C16: Responsibility/Amanah | D16: VR-A4 | E16: Menjaga kepercayaan Saya menjaga kepercayaan yang diberikan kepada saya meskipun tidak ada pengawasan langsung. | F16: Menjaga kepercayaan Etoser menjaga kepercayaan yang diberikan kepada Etoser meskipun tidak ada pengawasan langsung. | I16: =IF(AND(G16<>"", H16<>""), G16-H16, "") | J16: =IF(AND(G16<>"", H16<>""), AVERAGE(G16,H16), "") | M16: =IF(AND(K16<>"", L16<>""), K16-L16, "") | N16: =IF(AND(K16<>"", L16<>""), AVERAGE(K16,L16), "") | Q16: =IF(AND(O16<>"", P16<>""), O16-P16, "") | R16: =IF(AND(O16<>"", P16<>""), AVERAGE(O16,P16), "") | U16: =IF(AND(S16<>"", T16<>""), S16-T16, "") | V16: =IF(AND(S16<>"", T16<>""), AVERAGE(S16,T16), "") | Y16: =IF(AND(W16<>"", X16<>""), W16-X16, "") | Z16: =IF(AND(W16<>"", X16<>""), AVERAGE(W16,X16), "")
... A68: 64 | B68: Change Resilience | C68: Leadership & Influence | D68: CR-L4 | E68: Legacy & Regeneration Saya mampu membangun sistem, mengembangkan penerus, atau menyiapkan keberlanjutan agar perubahan yang saya mulai tetap berjalan tanpa ketergantungan pada diri saya. | F68: Legacy & Regeneration Etoser mampu membangun sistem, mengembangkan penerus, atau menyiapkan keberlanjutan agar perubahan yang Etoser mulai tetap berjalan tanpa ketergantungan pada diri Etoser. | I68: =IF(AND(G68<>"", H68<>""), G68-H68, "") | J68: =IF(AND(G68<>"", H68<>""), AVERAGE(G68,H68), "") | M68: =IF(AND(K68<>"", L68<>""), K68-L68, "") | N68: =IF(AND(K68<>"", L68<>""), AVERAGE(K68,L68), "") | Q68: =IF(AND(O68<>"", P68<>""), O68-P68, "") | R68: =IF(AND(O68<>"", P68<>""), AVERAGE(O68,P68), "") | U68: =IF(AND(S68<>"", T68<>""), S68-T68, "") | V68: =IF(AND(S68<>"", T68<>""), AVERAGE(S68,T68), "") | Y68: =IF(AND(W68<>"", X68<>""), W68-X68, "") | Z68: =IF(AND(W68<>"", X68<>""), AVERAGE(W68,X68), "")

Sheet Rubrik Penilaian (BAR)
A1: Kode | B1: Topik / Pernyataan | C1: Level 1 (Emerging) | D1: Level 2 (Developing) | E1: Level 3 (Transformative) | F1: Level 4 (Resilient)
A2: VR-S1 | B2: Menjaga ibadah di tengah kesibukan Saya menjadikan ibadah sebagai bagian yang terjaga dalam rutinitas hidup saya, termasuk ketika kesibukan meningkat. | C2: Saya menjalankan ibadah ketika rutinitas dan kondisi saya mendukung atau ketika diingatkan. | D2: Saya mampu menjaga rutinitas ibadah secara mandiri meskipun memiliki kesibukan akademik atau kegiatan lainnya. | E2: Saya tetap menjaga ibadah sebagai prioritas ketika menghadapi kesibukan, tekanan, atau perubahan rutinitas. | F2: Saya mampu mempertahankan prioritas ibadah dalam berbagai kondisi dan menjadikannya sumber kekuatan dalam menghadapi tekanan serta mengambil keputusan.
A3: VR-S2 | B3: Nilai Islam dalam pengambilan keputusan Saya menggunakan nilai-nilai Islam sebagai pertimbangan ketika mengambil keputusan penting. | C3: Saya mempertimbangkan nilai-nilai Islam ketika diarahkan atau diingatkan oleh orang lain. | D3: Saya mulai menggunakan nilai-nilai Islam secara mandiri dalam keputusan sehari-hari. | E3: Saya secara sadar menggunakan nilai-nilai Islam ketika menghadapi keputusan yang kompleks atau memiliki konsekuensi bagi orang lain. | F3: Saya konsisten menjadikan nilai-nilai Islam sebagai prinsip dalam keputusan penting, termasuk ketika menghadapi tekanan atau kepentingan yang bertentangan.
A4: VR-S3 | B4: Kekuatan spiritual dalam menghadapi tekanan Saya berikhtiar memperbaiki kualitas hubungan saya dengan Allah ketika menghadapi kegagalan, tekanan, atau perubahan hidup. | C4: Saya mencari kembali ketenangan melalui ibadah setelah mendapatkan arahan atau dukungan dari orang lain. | D4: Saya secara mandiri menggunakan ibadah dan refleksi keagamaan untuk menghadapi tekanan atau kegagalan. | E4: Saya mampu menjadikan pengalaman sulit sebagai momentum untuk memperkuat hubungan dengan Allah dan memperbaiki diri. | F4: Saya mampu mempertahankan keteguhan spiritual dalam situasi sulit dan menjadikannya sumber ketenangan, makna, serta kekuatan untuk melangkah kembali.
A5: VR-S4 | B5: Konsistensi nilai dalam lingkungan yang berbeda Saya berusaha menjaga komitmen terhadap nilai dan praktik keislaman meskipun berada dalam lingkungan yang kurang mendukung. | C5: Saya mampu menjaga nilai ketika berada dalam lingkungan yang mendukung. | D5: Saya mulai mampu mempertahankan nilai yang saya yakini ketika berada dalam lingkungan yang berbeda. | E5: Saya tetap menjalankan nilai yang saya yakini meskipun menghadapi tekanan sosial atau lingkungan yang kurang mendukung. | F5: Saya mampu mempertahankan nilai secara konsisten tanpa kehilangan kemampuan untuk menghargai dan berinteraksi secara baik dengan lingkungan yang berbeda.
A6: VR-I1 | B6: Kejujuran Saya menyampaikan informasi, hasil kerja, dan pencapaian saya secara jujur tanpa melebih-lebihkan. | C6: Saya berusaha menyampaikan informasi secara jujur ketika terdapat aturan atau pengawasan. | D6: Saya secara mandiri menyampaikan informasi dan hasil kerja sesuai kondisi sebenarnya. | E6: Saya tetap jujur ketika menghadapi situasi yang dapat membuat saya terlihat kurang berhasil atau dirugikan. | F6: Saya menjadi pribadi yang dipercaya karena konsisten menjaga kejujuran dan mendorong orang lain untuk melakukan hal yang sama.
A7: VR-I2 | B7: Integritas dalam situasi sulit Saya tetap memilih tindakan yang sesuai dengan prinsip dan etika meskipun pilihan tersebut tidak menguntungkan bagi saya. | C7: Saya mengikuti pilihan yang benar ketika aturan dan arahan sudah jelas. | D7: Saya mampu memilih tindakan yang sesuai prinsip meskipun tidak selalu mudah atau menguntungkan. | E7: Saya mempertahankan prinsip ketika menghadapi tekanan, konflik kepentingan, atau risiko pribadi. | F7: Saya mampu menjadi rujukan bagi orang lain dalam mengambil keputusan etis ketika menghadapi situasi yang sulit atau ambigu.
A8: VR-I3 | B8: Keselarasan kata dan tindakan Saya menjaga kesesuaian antara apa yang saya katakan, janjikan, dan lakukan. | C8: Saya berusaha memenuhi janji ketika mendapatkan pengingat atau pengawasan. | D8: Saya secara mandiri berusaha menyelesaikan apa yang telah saya katakan atau janjikan. | E8: Saya menjaga konsistensi antara ucapan dan tindakan meskipun muncul hambatan atau perubahan situasi. | F8: Saya dikenal dapat dipercaya karena perkataan, keputusan, dan tindakan saya konsisten serta dapat menjadi teladan bagi orang lain.
A9: VR-I4 | B9: Mengakui kesalahan Saya berani mengakui kesalahan dan melakukan perbaikan ketika tindakan saya tidak sesuai dengan nilai yang saya yakini. | C9: Saya mengakui kesalahan setelah mendapat masukan atau diarahkan oleh orang lain. | D9: Saya mampu mengakui kesalahan dan memperbaikinya secara mandiri. | E9: Saya secara terbuka mengakui kesalahan, mengambil tanggung jawab, dan melakukan tindakan korektif. | F9: Saya menjadikan kesalahan sebagai pembelajaran dan membantu menciptakan lingkungan yang aman untuk mengakui serta memperbaiki kesalahan.
A10: VR-A1 | B10: Menyelesaikan amanah Saya menyelesaikan tanggung jawab yang telah saya terima sesuai kesepakatan. | C10: Saya menyelesaikan tugas ketika diberikan arahan dan pengawasan. | D10: Saya mampu menyelesaikan tanggung jawab secara mandiri sesuai kesepakatan. | E10: Saya tetap menyelesaikan tanggung jawab meskipun menghadapi hambatan dan mampu mencari solusi ketika rencana terganggu. | F10: Saya menjadi orang yang dapat dipercaya untuk menjalankan tanggung jawab penting dan membantu memastikan tanggung jawab tim juga terlaksana.
A11: VR-A2 | B11: Accountability Saya tetap bertanggung jawab terhadap hasil pekerjaan saya ketika menghadapi kendala atau kegagalan. | C11: Saya membutuhkan bantuan untuk menghadapi konsekuensi ketika pekerjaan mengalami kegagalan. | D11: Saya mampu mengakui dan bertanggung jawab atas hasil pekerjaan saya. | E11: Saya mengambil tanggung jawab, mencari penyebab, dan melakukan perbaikan ketika menghadapi kegagalan. | F11: Saya mampu mengubah kegagalan menjadi pembelajaran dan membantu tim membangun cara kerja yang lebih baik agar masalah serupa tidak berulang.
A12: VR-A3 | B12: Mengomunikasikan hambatan Saya berinisiatif mengomunikasikan masalah ketika mengetahui bahwa saya tidak mampu memenuhi amanah sesuai rencana. | C12: Saya menyampaikan masalah ketika sudah ditanya atau diminta menjelaskan. | D12: Saya mulai berinisiatif menyampaikan hambatan sebelum masalah menjadi lebih besar. | E12: Saya mengomunikasikan masalah secara terbuka sekaligus menawarkan alternatif solusi. | F12: Saya mampu membangun komunikasi yang memungkinkan masalah diketahui lebih awal dan membantu tim mengantisipasi risiko.
... A65: CR-L4 | B65: Legacy & Regeneration Saya mampu membangun sistem, mengembangkan penerus, atau menyiapkan keberlanjutan agar perubahan yang saya mulai tetap berjalan tanpa ketergantungan pada diri saya. | C65: Saya baru mampu mengambil peran ketika diarahkan dan belum memikirkan keberlanjutan. | D65: Saya mampu menjalankan kegiatan secara mandiri dan mulai melibatkan orang lain. | E65: Saya mampu memimpin kegiatan dan menghasilkan perubahan yang dirasakan oleh orang lain. | F65: Saya mampu membangun sistem, mengembangkan penerus, dan menyiapkan keberlanjutan sehingga perubahan tetap berjalan meskipun saya tidak lagi menjadi pelaksana utama.
